{
    "loss": 12.858373641967773,
    "accuracy": 0.79855823516846
}